delivery_id,postcode,delivery_score,compliance_status,delivery_date,delivery_status,parcel_type
D00001,SS5 6MM,0.12,False,2024-09-19 06:27:26,Pending,Medium Box
D00002,RO2 9IJ,0.83,True,2023-07-30 22:13:41,Delivered,Letter
D00003,GX2 7XL,0.33,False,2025-03-30 08:17:43,Failed,Medium Box
D00004,OM9 0JT,0.84,True,2025-02-15 07:07:48,Delivered,Letter
D00005,WR1 5TM,0.86,True,2025-04-15 02:56:44,Pending,Small Box
D00006,VN5 1XN,0.95,True,2024-03-04 20:31:08,Delivered,Large Box
D00007,HA9 2MZ,0.57,True,2024-11-11 12:18:43,Delivered,Small Box
D00008,BQ2 9JQ,0.63,True,2024-10-27 09:48:12,Failed,Letter
D00009,YN9 5ZN,0.59,True,2024-11-12 04:00:58,Delivered,Medium Box
D00010,SF1 7RM,0.05,False,2024-12-03 20:45:54,Pending,Large Box
D00011,BH8 2KQ,0.87,True,2024-04-02 11:03:48,Pending,Large Box
D00012,SD8 1BS,0.53,True,2024-01-17 19:22:33,Failed,Letter
D00013,FA2 0UA,0.37,False,2024-03-27 09:39:44,Failed,Letter
D00014,ZH4 3BP,0.62,True,2023-01-08 11:28:08,Pending,Large Box
D00015,JQ9 1KG,0.25,False,2024-09-08 05:45:49,Failed,Large Box
D00016,VE1 4EY,0.61,True,2023-01-08 16:25:20,Pending,Medium Box
D00017,GP5 9AR,0.99,True,2025-03-12 14:09:03,Failed,Large Box
D00018,AJ8 2EN,0.31,False,2024-06-06 02:48:31,Failed,Letter
D00019,QM5 6KX,0.9,True,2023-09-15 14:06:05,Pending,Letter
D00020,HJ6 2DU,0.7,True,2023-02-18 17:33:58,Failed,Small Box
D00021,OZ1 8JT,0.68,True,2025-04-26 11:42:33,Pending,Small Box
D00022,UC6 8ZZ,0.92,True,2024-10-23 13:18:36,Pending,Letter
D00023,VF6 0TE,0.74,True,2024-04-19 18:32:55,Delivered,Medium Box
D00024,IA7 3YV,0.62,True,2024-11-07 00:28:59,Delivered,Letter
D00025,TF4 7YY,0.21,False,2023-12-22 12:14:09,Failed,Medium Box
D00026,HT4 7PW,0.74,True,2025-03-10 15:47:19,Pending,Medium Box
D00027,VJ5 0UQ,0.49,False,2024-05-19 06:29:34,Delivered,Letter
D00028,OY7 7YW,0.45,False,2025-04-28 00:49:54,Delivered,Medium Box
D00029,VK7 5RN,0.81,True,2025-03-08 19:20:30,Delivered,Letter
D00030,AJ6 4FS,0.82,True,2023-06-03 00:13:49,Delivered,Large Box
D00031,HA9 5FZ,0.2,False,2023-07-13 23:44:23,Failed,Letter
D00032,DE4 1IX,0.05,False,2025-03-11 16:20:29,Pending,Letter
D00033,IA8 0HM,0.56,True,2023-03-11 15:36:34,Delivered,Medium Box
D00034,SK6 4CN,0.34,False,2023-07-29 10:53:23,Pending,Letter
D00035,NH3 7UV,0.62,True,2025-05-23 16:15:53,Delivered,Large Box
D00036,PI6 5SR,0.99,True,2024-05-19 03:14:14,Pending,Medium Box
D00037,ZU3 6HN,0.23,False,2024-03-09 10:32:43,Pending,Letter
D00038,UV4 1TU,0.56,True,2023-07-24 14:52:12,Failed,Small Box
D00039,GV6 0DJ,0.37,False,2023-11-03 08:06:20,Failed,Small Box
D00040,DE7 8EK,0.99,True,2024-10-27 05:14:53,Failed,Small Box
D00041,RU4 1ZJ,0.29,False,2023-05-29 06:47:59,Failed,Letter
D00042,SH9 4RA,0.55,True,2024-12-17 21:17:06,Pending,Small Box
D00043,DK9 4EA,0.32,False,2025-01-04 05:32:20,Delivered,Medium Box
D00044,LZ6 7QR,0.89,True,2025-01-20 06:18:33,Delivered,Letter
D00045,ZN5 7GT,0.93,True,2025-03-14 07:36:09,Delivered,Medium Box
D00046,RV2 2IP,0.71,True,2023-06-20 00:39:59,Pending,Letter
D00047,ZN8 7ZG,0.45,False,2023-05-31 21:50:06,Failed,Small Box
D00048,LD6 3TL,0.41,False,2024-09-26 04:58:22,Delivered,Medium Box
D00049,RV5 0HX,0.93,True,2024-04-10 19:21:19,Failed,Large Box
D00050,XO5 1AW,0.05,False,2025-03-18 12:02:27,Delivered,Letter
D00051,IN8 1NX,0.8,True,2024-12-27 04:58:27,Failed,Large Box
D00052,IL8 7OU,0.09,False,2024-10-31 12:16:21,Failed,Letter
D00053,YS7 1CO,0.87,True,2023-09-16 07:50:15,Pending,Letter
D00054,CD9 7UT,0.41,False,2024-03-22 02:31:16,Failed,Large Box
D00055,DU7 4RL,0.09,False,2023-04-06 23:46:53,Failed,Letter
D00056,AJ1 9JC,0.55,True,2024-11-10 02:38:36,Failed,Medium Box
D00057,SL7 4YV,0.94,True,2024-07-24 17:02:40,Pending,Large Box
D00058,KN5 6ZE,0.64,True,2023-04-09 07:47:19,Delivered,Small Box
D00059,FB6 6XE,0.18,False,2023-05-01 06:02:12,Pending,Medium Box
D00060,HN8 3WD,0.64,True,2024-11-21 15:42:02,Delivered,Medium Box
D00061,BV2 8BC,0.31,False,2023-07-21 21:33:49,Failed,Small Box
D00062,TI1 7CP,0.99,True,2023-08-14 08:39:35,Delivered,Large Box
D00063,WH1 5BT,0.22,False,2024-07-25 18:05:20,Delivered,Letter
D00064,KY7 8CF,0.94,True,2024-01-20 13:53:38,Pending,Small Box
D00065,KG2 4NU,0.26,False,2023-06-22 01:13:47,Failed,Medium Box
D00066,XR3 1UF,0.37,False,2023-03-29 07:27:48,Pending,Letter
D00067,SC9 6RB,0.19,False,2023-03-21 05:38:30,Pending,Large Box
D00068,CY1 5IY,0.52,True,2024-10-06 08:52:38,Delivered,Small Box
D00069,GI3 8ZB,0.56,True,2024-02-25 21:39:22,Pending,Small Box
D00070,OG2 8DL,0.1,False,2024-04-27 22:04:33,Pending,Letter
D00071,BF6 5OV,0.75,True,2023-12-05 01:26:35,Failed,Medium Box
D00072,SY1 5ZQ,0.85,True,2024-05-26 08:47:54,Pending,Letter
D00073,GV1 6ZT,0.95,True,2023-02-09 17:13:14,Failed,Letter
D00074,DL3 4KI,1.0,True,2024-02-10 19:40:32,Failed,Medium Box
D00075,RT4 8RH,0.88,True,2025-03-18 01:17:27,Failed,Large Box
D00076,RU9 9YR,0.28,False,2024-03-13 10:42:37,Pending,Medium Box
D00077,FP4 9LP,0.26,False,2024-12-26 13:36:22,Delivered,Medium Box
D00078,KR3 0JI,0.01,False,2024-01-17 07:20:53,Delivered,Letter
D00079,TD5 4YU,0.88,True,2023-03-18 17:08:01,Delivered,Large Box
D00080,WI1 1TH,0.07,False,2024-12-13 05:19:33,Delivered,Letter
D00081,WM7 0VZ,0.16,False,2024-07-27 22:48:47,Pending,Small Box
D00082,WW9 2JT,0.79,True,2025-05-20 10:28:56,Failed,Letter
D00083,TQ5 5TB,0.43,False,2024-01-03 10:06:23,Failed,Letter
D00084,CY5 3UH,0.54,True,2024-11-23 05:11:09,Delivered,Large Box
D00085,LC5 7RR,0.57,True,2023-01-29 17:14:10,Failed,Medium Box
D00086,AZ7 3FT,0.09,False,2023-03-07 16:03:30,Failed,Letter
D00087,FA1 3ZJ,0.74,True,2024-08-13 15:09:02,Failed,Letter
D00088,BV5 0UY,0.09,False,2023-08-07 00:56:38,Pending,Medium Box
D00089,BC7 3LJ,0.91,True,2023-06-12 08:23:07,Pending,Large Box
D00090,NI1 1XT,0.11,False,2023-03-02 19:04:32,Delivered,Large Box
D00091,LT7 9CO,0.5,True,2023-04-01 20:00:33,Delivered,Letter
D00092,FB1 0XR,0.8,True,2023-08-26 23:28:51,Pending,Medium Box
D00093,XK4 0NU,0.57,True,2024-01-30 23:57:56,Pending,Large Box
D00094,LU4 7CG,0.55,True,2023-09-01 14:59:24,Pending,Large Box
D00095,SK3 7HH,0.23,False,2024-08-26 23:37:37,Failed,Letter
D00096,RX5 1FB,0.85,True,2024-07-27 07:50:45,Delivered,Large Box
D00097,LJ5 3RP,0.1,False,2023-09-28 14:54:15,Delivered,Large Box
D00098,VH2 7FJ,0.76,True,2024-10-16 09:04:36,Failed,Small Box
D00099,SS3 7ZW,0.01,False,2025-05-08 08:39:07,Failed,Small Box
D00100,BL5 6FE,0.0,False,2023-03-06 12:44:35,Delivered,Small Box
D00101,JC2 2KF,0.19,False,2024-01-12 09:52:38,Pending,Small Box
D00102,HR2 1TS,0.96,True,2023-06-26 15:52:42,Delivered,Medium Box
D00103,XY5 7UN,0.49,False,2024-08-09 14:50:32,Delivered,Letter
D00104,AG7 2SF,0.35,False,2023-01-17 05:21:24,Delivered,Small Box
D00105,OX2 4XS,0.61,True,2023-01-31 00:22:21,Failed,Small Box
D00106,MI2 0HD,0.39,False,2024-10-06 23:25:03,Failed,Letter
D00107,CZ4 8KM,0.82,True,2023-12-15 21:37:45,Delivered,Small Box
D00108,LC1 1VU,0.1,False,2024-01-15 16:27:36,Delivered,Large Box
D00109,OV5 8PX,0.63,True,2024-06-12 16:57:36,Pending,Large Box
D00110,YF9 4IT,0.67,True,2023-03-15 07:05:49,Failed,Small Box
D00111,CH3 3NB,0.58,True,2025-04-17 22:09:44,Delivered,Small Box
D00112,KF4 5DU,0.38,False,2025-03-01 11:49:02,Delivered,Large Box
D00113,PR2 9ZG,0.41,False,2024-11-10 21:09:06,Pending,Small Box
D00114,YH5 2AS,0.76,True,2023-07-31 18:59:42,Pending,Medium Box
D00115,NV6 7RP,0.85,True,2025-01-12 10:26:00,Failed,Small Box
D00116,IY4 6EK,0.4,False,2023-09-01 21:39:01,Pending,Small Box
D00117,NL8 2JC,0.72,True,2024-12-10 03:34:53,Pending,Small Box
D00118,FG9 4JY,0.22,False,2023-04-17 18:17:50,Pending,Medium Box
D00119,WT6 2NY,0.63,True,2024-07-24 14:10:19,Pending,Large Box
D00120,TW7 5TY,0.56,True,2023-12-21 04:21:23,Failed,Letter
D00121,GK7 5MN,0.63,True,2024-12-15 10:09:04,Pending,Medium Box
D00122,CY5 9UV,0.29,False,2024-01-10 09:35:20,Delivered,Large Box
D00123,HJ5 7CY,0.04,False,2023-10-29 07:43:16,Delivered,Letter
D00124,UR1 2JI,0.95,True,2024-02-17 00:14:25,Failed,Large Box
D00125,XX5 9ON,0.53,True,2024-06-08 16:02:34,Failed,Large Box
D00126,IG4 8WE,0.01,False,2023-03-19 05:54:06,Delivered,Letter
D00127,CJ8 9XF,0.85,True,2023-05-09 23:47:01,Failed,Small Box
D00128,VP2 6CS,0.01,False,2024-06-18 20:39:49,Failed,Large Box
D00129,YL4 8XH,0.42,False,2025-05-28 21:20:36,Delivered,Small Box
D00130,PG5 9IH,0.83,True,2023-01-19 08:34:29,Delivered,Medium Box
D00131,NQ5 0UA,0.4,False,2023-11-17 02:36:10,Delivered,Large Box
D00132,AV7 2XN,0.16,False,2024-04-04 18:36:44,Delivered,Large Box
D00133,QP6 1KI,0.9,True,2024-03-24 10:16:28,Pending,Letter
D00134,XQ5 9DF,0.43,False,2023-04-30 21:34:09,Failed,Large Box
D00135,NM7 9RO,0.32,False,2024-08-02 05:44:54,Delivered,Large Box
D00136,JW5 1EI,0.26,False,2023-04-04 20:34:30,Delivered,Large Box
D00137,IH1 0HT,0.6,True,2024-03-10 06:20:08,Pending,Letter
D00138,AP7 7FE,0.12,False,2024-05-30 02:09:03,Pending,Small Box
D00139,FJ7 9HV,0.42,False,2023-12-15 00:30:04,Pending,Small Box
D00140,CI3 5NH,0.68,True,2024-08-24 13:34:08,Delivered,Medium Box
D00141,BU6 2XV,0.84,True,2024-10-13 00:18:24,Delivered,Medium Box
D00142,ZW6 6JZ,0.85,True,2023-05-30 20:38:00,Failed,Small Box
D00143,HO3 8VW,0.53,True,2023-01-01 06:02:30,Failed,Letter
D00144,OV4 7WJ,0.47,False,2023-02-07 23:41:41,Delivered,Small Box
D00145,BY3 2QS,0.76,True,2023-08-15 10:13:34,Pending,Medium Box
D00146,IV9 4CG,0.6,True,2023-12-07 07:49:26,Pending,Letter
D00147,OD8 9VT,0.06,False,2023-10-16 16:24:36,Failed,Letter
D00148,RK2 9CT,0.7,True,2023-04-08 23:53:40,Delivered,Large Box
D00149,CL3 6IF,0.67,True,2024-07-10 23:20:44,Delivered,Small Box
D00150,XS4 3PI,0.88,True,2025-03-02 20:26:50,Failed,Large Box
D00151,DV5 0FC,0.73,True,2023-05-01 19:52:27,Pending,Medium Box
D00152,OY6 4LG,0.02,False,2025-05-08 05:11:34,Delivered,Medium Box
D00153,NB8 0PO,0.79,True,2025-03-03 08:12:37,Pending,Letter
D00154,FC2 8WE,0.21,False,2023-01-13 11:09:45,Failed,Medium Box
D00155,TB4 0CR,0.78,True,2023-03-12 01:59:07,Failed,Large Box
D00156,FK7 2ZK,0.11,False,2024-06-29 02:54:29,Pending,Large Box
D00157,UB4 7DQ,0.16,False,2023-07-06 10:41:20,Failed,Medium Box
D00158,AQ5 8TT,0.51,True,2025-01-27 14:38:01,Delivered,Large Box
D00159,SB7 7TQ,0.0,False,2025-05-16 02:31:07,Delivered,Small Box
D00160,AY6 4CP,0.61,True,2025-01-10 09:24:39,Failed,Large Box
D00161,WF1 9YP,0.84,True,2023-11-01 17:35:08,Delivered,Large Box
D00162,BB6 5HW,0.69,True,2025-03-23 11:42:22,Delivered,Letter
D00163,UI1 7GP,0.3,False,2023-06-25 00:58:23,Failed,Medium Box
D00164,TW3 3CM,0.91,True,2025-04-20 00:40:08,Pending,Letter
D00165,II3 4HB,1.0,True,2024-12-15 00:45:31,Pending,Small Box
D00166,SU9 5QW,0.04,False,2023-08-12 09:22:17,Failed,Medium Box
D00167,BJ7 1NW,0.7,True,2024-03-12 20:19:43,Delivered,Large Box
D00168,MC5 8OR,0.49,False,2025-05-07 11:11:11,Pending,Medium Box
D00169,FX5 7BO,0.12,False,2024-01-17 17:26:58,Failed,Large Box
D00170,DV4 7TW,0.34,False,2023-01-03 12:03:22,Failed,Small Box
D00171,HS6 2WB,0.1,False,2023-04-02 16:13:59,Pending,Small Box
D00172,SV3 3NH,0.93,True,2024-05-05 09:24:00,Failed,Small Box
D00173,EW3 3DU,0.34,False,2023-10-31 12:40:06,Pending,Medium Box
D00174,NP8 0YC,0.37,False,2024-10-09 20:51:41,Failed,Letter
D00175,UC1 1QS,0.38,False,2023-06-24 14:59:06,Delivered,Letter
D00176,WZ9 3EW,0.73,True,2023-11-15 16:04:31,Pending,Small Box
D00177,WL5 2FW,0.98,True,2024-08-28 23:36:32,Pending,Letter
D00178,DI5 9IN,0.56,True,2023-12-29 04:28:38,Failed,Small Box
D00179,LS6 3BV,0.48,False,2023-07-04 20:33:14,Pending,Letter
D00180,CB4 4TE,0.52,True,2025-03-11 07:51:37,Delivered,Letter
D00181,ET1 2US,0.93,True,2025-02-28 02:25:59,Failed,Letter
D00182,AF8 6AI,0.06,False,2023-10-03 16:50:57,Delivered,Letter
D00183,UC4 5BX,0.12,False,2024-12-31 15:46:29,Failed,Letter
D00184,GH3 3RS,0.82,True,2023-04-11 19:05:05,Delivered,Small Box
D00185,HU1 5WM,0.81,True,2023-06-12 17:02:54,Pending,Large Box
D00186,DI9 6JK,0.25,False,2023-04-08 10:51:40,Delivered,Small Box
D00187,UB8 7TH,0.12,False,2023-04-26 19:42:33,Failed,Small Box
D00188,AA1 2HQ,0.17,False,2025-01-06 13:48:47,Pending,Large Box
D00189,KA4 2WF,0.01,False,2023-01-20 13:20:05,Pending,Letter
D00190,ZH5 5HO,0.18,False,2024-02-03 04:46:07,Pending,Large Box
D00191,RW3 4QJ,0.85,True,2023-07-24 08:08:05,Failed,Medium Box
D00192,HC8 9OQ,0.91,True,2024-12-08 18:40:41,Delivered,Letter
D00193,JM7 2GT,0.66,True,2024-01-22 02:27:44,Failed,Letter
D00194,OC5 9NE,0.68,True,2024-01-10 23:28:00,Delivered,Large Box
D00195,ZC9 2JM,0.01,False,2025-05-05 15:35:48,Delivered,Small Box
D00196,FL7 0XC,0.09,False,2023-01-15 22:22:05,Pending,Letter
D00197,BI3 5QL,0.26,False,2025-05-26 16:34:28,Delivered,Medium Box
D00198,CO1 2CA,0.08,False,2024-10-12 09:18:49,Delivered,Letter
D00199,YS4 0CV,0.13,False,2024-01-08 09:49:02,Failed,Large Box
D00200,MO2 8FF,0.8,True,2023-11-07 03:56:12,Failed,Small Box
D00201,PM4 5EE,0.01,False,2025-05-10 03:06:19,Delivered,Medium Box
D00202,CU4 4GQ,0.72,True,2025-01-15 12:07:42,Delivered,Letter
D00203,IW7 5OB,0.34,False,2025-03-25 02:43:20,Failed,Large Box
D00204,MK1 8MH,0.59,True,2023-05-22 15:49:52,Delivered,Small Box
D00205,TK5 9TF,0.01,False,2024-09-08 15:20:05,Pending,Large Box
D00206,AM6 1CU,0.27,False,2023-11-24 11:09:27,Pending,Large Box
D00207,SE7 0EY,0.72,True,2025-04-28 11:57:47,Delivered,Medium Box
D00208,FK7 4KU,0.22,False,2024-10-11 02:51:56,Failed,Large Box
D00209,LG2 9ST,0.89,True,2024-10-28 13:59:39,Failed,Small Box
D00210,OR9 7VG,0.71,True,2024-04-05 14:18:51,Pending,Medium Box
D00211,MB8 2YY,0.27,False,2024-06-26 11:37:23,Delivered,Large Box
D00212,IT9 1EW,0.1,False,2023-02-26 17:14:11,Failed,Letter
D00213,PA9 1SW,0.57,True,2023-08-24 04:01:40,Failed,Small Box
D00214,VL5 7XZ,0.4,False,2024-04-14 17:47:53,Failed,Medium Box
D00215,FN3 7OK,0.17,False,2023-10-09 10:57:00,Failed,Small Box
D00216,PP4 8DR,0.24,False,2023-07-08 00:05:41,Failed,Medium Box
D00217,GV1 0BW,0.85,True,2024-08-21 02:20:03,Pending,Medium Box
D00218,GZ4 5AQ,0.95,True,2023-06-04 02:50:24,Pending,Letter
D00219,MN3 3MR,0.35,False,2025-01-19 08:19:20,Delivered,Large Box
D00220,QP3 8LQ,0.36,False,2024-05-27 12:23:45,Pending,Letter
D00221,NE8 2YH,0.9,True,2025-04-08 13:00:53,Failed,Letter
D00222,PA8 3DB,0.72,True,2023-09-28 01:38:59,Failed,Medium Box
D00223,EM1 5ZA,0.23,False,2025-03-09 16:38:31,Pending,Small Box
D00224,KP6 2AP,0.03,False,2024-02-17 01:22:34,Pending,Small Box
D00225,NY5 9PQ,0.99,True,2024-08-14 09:29:07,Delivered,Large Box
D00226,KZ5 8CY,0.06,False,2024-11-01 02:49:50,Delivered,Large Box
D00227,CQ4 9TY,1.0,True,2024-12-10 05:17:31,Pending,Large Box
D00228,RX9 2LM,0.98,True,2023-01-23 18:53:09,Pending,Medium Box
D00229,WA2 8YA,0.34,False,2024-04-02 09:25:23,Delivered,Large Box
D00230,TM7 5KX,0.91,True,2023-05-04 22:57:48,Delivered,Small Box
D00231,YT7 0GG,0.35,False,2024-12-20 05:29:28,Pending,Medium Box
D00232,BB7 0FP,0.42,False,2025-03-02 11:27:09,Pending,Letter
D00233,NH8 0CV,0.48,False,2023-04-25 01:17:37,Failed,Letter
D00234,NM4 3BW,0.63,True,2024-04-05 02:03:45,Pending,Letter
D00235,JA6 4BF,0.54,True,2024-12-10 10:42:11,Pending,Large Box
D00236,GP8 7JM,0.29,False,2023-01-29 11:21:36,Failed,Letter
D00237,VG1 1FW,0.35,False,2023-07-28 23:02:40,Delivered,Medium Box
D00238,DA4 3QW,0.96,True,2024-07-01 02:41:14,Delivered,Small Box
D00239,BB2 9IP,0.84,True,2024-07-14 20:46:58,Pending,Large Box
D00240,IK3 9XY,0.59,True,2024-01-26 04:55:03,Pending,Letter
D00241,KH1 3SJ,0.8,True,2023-11-14 01:09:05,Pending,Letter
D00242,WL2 7GB,0.58,True,2024-04-01 05:55:28,Pending,Letter
D00243,GZ6 0ZI,0.93,True,2024-04-25 00:17:24,Pending,Small Box
D00244,RY9 0EZ,0.94,True,2024-12-24 02:37:30,Pending,Large Box
D00245,QD3 1PF,0.42,False,2023-03-06 22:01:07,Delivered,Medium Box
D00246,ED5 2GY,0.31,False,2025-04-08 01:15:38,Failed,Large Box
D00247,YX5 2UY,0.31,False,2024-09-04 04:52:40,Pending,Medium Box
D00248,SH4 5FB,0.08,False,2024-03-12 16:25:27,Pending,Medium Box
D00249,DN5 2DO,0.7,True,2023-04-07 18:38:43,Pending,Letter
D00250,GW3 2QG,0.47,False,2023-05-06 08:53:21,Failed,Small Box
D00251,MV8 8JX,0.21,False,2023-05-26 21:01:00,Pending,Letter
D00252,JB7 0ZK,0.34,False,2024-07-26 08:09:58,Delivered,Letter
D00253,BD8 1DX,0.54,True,2023-08-04 16:54:27,Failed,Medium Box
D00254,OA6 4US,0.3,False,2023-05-15 13:29:12,Delivered,Letter
D00255,RQ1 3XI,0.26,False,2023-01-06 20:33:54,Failed,Large Box
D00256,EN6 3UH,0.94,True,2023-04-25 18:16:39,Pending,Letter
D00257,KV7 2FM,0.1,False,2023-07-10 06:36:31,Delivered,Medium Box
D00258,GG6 3XP,0.05,False,2023-11-12 13:36:38,Failed,Medium Box
D00259,TU6 6XZ,0.3,False,2024-07-17 06:15:28,Delivered,Small Box
D00260,ZJ8 0SD,0.79,True,2024-10-04 05:51:27,Pending,Medium Box
D00261,TO1 5XB,0.4,False,2023-07-12 14:24:31,Pending,Small Box
D00262,YR7 3CE,0.66,True,2024-09-08 13:36:56,Delivered,Medium Box
D00263,GE9 4QT,0.21,False,2024-12-20 11:33:14,Pending,Medium Box
D00264,MW1 9EP,0.04,False,2023-01-25 14:46:53,Pending,Small Box
D00265,NC3 4HQ,0.96,True,2024-06-10 10:26:49,Delivered,Small Box
D00266,NQ9 8GP,0.06,False,2024-09-01 06:20:44,Failed,Small Box
D00267,QH6 5EG,0.11,False,2023-01-02 04:12:13,Delivered,Medium Box
D00268,EZ5 1JM,0.42,False,2023-02-06 19:38:57,Pending,Small Box
D00269,FZ5 3BU,0.17,False,2024-06-05 17:56:21,Failed,Medium Box
D00270,HI6 2KM,0.53,True,2023-09-27 09:58:00,Delivered,Small Box
D00271,VE1 7WT,0.43,False,2025-03-16 18:58:23,Delivered,Small Box
D00272,IR1 0KX,0.32,False,2024-08-22 01:39:44,Delivered,Medium Box
D00273,DD8 4IJ,0.61,True,2023-03-14 22:51:59,Pending,Letter
D00274,WZ1 0ZY,0.0,False,2024-09-09 11:53:18,Failed,Letter
D00275,PJ6 6VC,0.51,True,2024-01-15 23:41:54,Failed,Letter
D00276,PL9 3OH,0.44,False,2024-07-28 15:43:52,Delivered,Medium Box
D00277,GP3 8OK,0.79,True,2025-01-03 13:17:12,Delivered,Letter
D00278,FU5 6OY,0.09,False,2023-08-06 23:58:11,Failed,Medium Box
D00279,KM5 9KV,0.74,True,2025-05-05 03:07:35,Pending,Large Box
D00280,OV3 9TE,0.12,False,2024-05-27 08:30:51,Failed,Small Box
D00281,HT1 4SO,0.36,False,2023-06-07 21:47:56,Failed,Medium Box
D00282,FY6 7ZI,0.09,False,2025-02-05 20:02:04,Failed,Letter
D00283,AN9 6NT,0.22,False,2024-05-23 16:26:13,Pending,Large Box
D00284,BO6 9KM,0.23,False,2025-02-15 00:54:00,Delivered,Letter
D00285,EM7 0MF,0.19,False,2024-11-13 23:14:55,Pending,Large Box
D00286,VY2 7UV,0.5,True,2023-12-04 01:05:14,Failed,Letter
D00287,RC1 8YU,0.43,False,2023-04-09 19:29:01,Pending,Letter
D00288,RC3 9TZ,0.36,False,2024-02-16 07:01:25,Failed,Small Box
D00289,TB8 0CJ,0.21,False,2024-06-18 08:33:42,Failed,Large Box
D00290,EE3 2GJ,0.63,True,2024-05-28 21:06:33,Pending,Letter
D00291,GB9 0KS,0.64,True,2023-04-02 16:11:32,Failed,Large Box
D00292,YO4 0LV,0.09,False,2023-01-06 03:15:25,Delivered,Medium Box
D00293,PM5 0MI,0.29,False,2023-05-19 02:26:50,Delivered,Large Box
D00294,MK4 1AB,0.75,True,2023-12-02 13:05:28,Pending,Medium Box
D00295,LF2 6QQ,0.86,True,2024-03-02 10:44:04,Pending,Letter
D00296,PZ4 6LY,0.38,False,2023-01-20 09:55:27,Delivered,Large Box
D00297,MB8 0TK,0.98,True,2023-04-17 17:47:22,Failed,Large Box
D00298,UG7 4VF,0.01,False,2023-06-07 15:18:27,Delivered,Large Box
D00299,AZ1 3RV,0.17,False,2023-01-04 02:49:08,Delivered,Letter
D00300,EF2 5CF,0.11,False,2025-04-09 04:44:49,Delivered,Medium Box
D00301,NJ6 1OZ,0.91,True,2025-05-06 12:51:26,Pending,Large Box
D00302,FZ4 5CX,0.18,False,2024-12-01 10:09:57,Failed,Medium Box
D00303,DN7 7AP,0.61,True,2023-05-09 17:05:36,Failed,Medium Box
D00304,IA9 4CD,0.25,False,2024-04-24 10:32:52,Failed,Medium Box
D00305,VK4 9CN,0.75,True,2024-01-02 21:45:43,Delivered,Medium Box
D00306,BD4 8CK,0.29,False,2023-01-01 16:15:25,Delivered,Letter
D00307,ND1 7MU,0.23,False,2024-01-02 23:28:47,Pending,Small Box
D00308,AT3 6MT,0.42,False,2023-08-06 13:29:01,Delivered,Medium Box
D00309,CB4 1ZP,0.01,False,2024-04-26 12:48:03,Delivered,Large Box
D00310,RD6 4WZ,0.35,False,2024-12-25 02:46:50,Failed,Large Box
D00311,AR9 6KO,0.38,False,2023-03-21 14:32:23,Failed,Medium Box
D00312,EJ8 5FP,0.49,False,2024-01-02 14:23:26,Failed,Small Box
D00313,ET2 8XO,0.26,False,2024-09-02 00:53:21,Failed,Medium Box
D00314,PP6 1AM,0.18,False,2023-12-30 03:39:55,Pending,Large Box
D00315,OE7 1XO,0.72,True,2023-07-27 23:43:06,Pending,Medium Box
D00316,OW8 2YF,0.82,True,2025-04-23 00:35:34,Delivered,Medium Box
D00317,JY3 0PM,0.06,False,2024-03-21 16:43:02,Pending,Large Box
D00318,SP5 3UX,0.25,False,2023-02-10 05:22:14,Pending,Small Box
D00319,HH6 2ZW,0.33,False,2024-10-18 16:32:30,Delivered,Small Box
D00320,SQ4 8VO,0.44,False,2023-03-25 21:30:48,Delivered,Large Box
D00321,CB5 8XY,0.24,False,2023-07-05 22:11:38,Pending,Small Box
D00322,YG4 3KW,0.42,False,2024-03-17 22:14:20,Pending,Large Box
D00323,PE8 7YO,0.61,True,2024-09-07 09:06:38,Delivered,Letter
D00324,YV7 2PT,0.49,False,2023-08-09 22:00:20,Delivered,Letter
D00325,CJ4 3FT,0.75,True,2023-04-12 06:11:55,Pending,Small Box
D00326,PR3 8IG,0.66,True,2023-06-12 21:53:16,Failed,Large Box
D00327,ZI8 3RX,0.23,False,2023-01-31 06:48:40,Failed,Small Box
D00328,GJ8 4HR,0.39,False,2023-06-15 17:34:09,Delivered,Medium Box
D00329,ZC9 5QA,0.29,False,2024-09-12 21:41:18,Failed,Large Box
D00330,KV4 2II,0.3,False,2024-01-21 20:57:35,Failed,Medium Box
D00331,ER8 4VN,0.41,False,2024-11-20 04:16:05,Pending,Letter
D00332,CW2 5ZE,0.85,True,2025-04-03 19:38:29,Pending,Large Box
D00333,IL2 4CW,0.7,True,2023-11-09 03:41:54,Delivered,Letter
D00334,RD8 7ND,0.8,True,2024-11-04 09:40:59,Failed,Small Box
D00335,XG2 2OD,0.48,False,2023-11-28 04:28:47,Pending,Medium Box
D00336,SF3 4LA,0.48,False,2024-04-26 06:13:41,Pending,Letter
D00337,AQ8 1FL,0.96,True,2025-05-09 09:41:54,Failed,Medium Box
D00338,AD6 2HT,0.88,True,2023-08-30 13:38:47,Delivered,Letter
D00339,IS5 5OL,0.49,False,2023-03-03 12:52:44,Delivered,Letter
D00340,GX3 8RJ,0.99,True,2023-09-12 02:17:29,Delivered,Medium Box
D00341,CZ2 7QO,0.83,True,2024-02-20 23:41:18,Delivered,Letter
D00342,FE5 8GT,0.42,False,2023-11-13 10:56:46,Delivered,Small Box
D00343,DS9 0RB,0.58,True,2025-01-29 20:43:23,Pending,Large Box
D00344,LA5 3EE,0.56,True,2023-06-30 18:39:56,Pending,Medium Box
D00345,RZ2 9HT,0.43,False,2023-03-16 09:00:36,Delivered,Small Box
D00346,HS7 1QI,0.57,True,2024-10-30 03:16:31,Pending,Letter
D00347,JH7 7DZ,0.17,False,2023-03-21 17:50:38,Failed,Large Box
D00348,UG2 0JJ,0.42,False,2024-05-07 19:18:35,Delivered,Large Box
D00349,FT3 9RP,0.03,False,2024-04-02 21:29:09,Failed,Letter
D00350,WX9 2UI,0.89,True,2025-01-21 05:22:04,Delivered,Large Box
D00351,PO9 2QE,0.02,False,2024-02-24 02:24:40,Failed,Small Box
D00352,KP9 7UW,0.6,True,2024-11-16 06:21:50,Delivered,Medium Box
D00353,EA3 6NC,0.53,True,2023-03-14 02:38:39,Delivered,Large Box
D00354,FC4 8WK,0.13,False,2024-12-02 21:18:59,Failed,Medium Box
D00355,HW5 2QP,0.41,False,2023-07-05 15:15:41,Failed,Small Box
D00356,IW9 6MT,0.57,True,2024-06-03 22:19:51,Failed,Letter
D00357,RV5 9UW,0.07,False,2024-10-19 05:26:38,Failed,Letter
D00358,LH2 6DE,0.09,False,2023-10-07 23:30:11,Pending,Large Box
D00359,AM4 0OT,0.37,False,2024-10-22 13:18:47,Pending,Small Box
D00360,OT2 2DP,0.56,True,2025-01-02 14:10:15,Pending,Large Box
D00361,MF4 8NX,0.66,True,2024-03-21 07:20:19,Delivered,Large Box
D00362,OW6 6PU,0.74,True,2024-05-07 08:34:02,Delivered,Medium Box
D00363,KG4 3ZO,0.5,True,2024-03-03 08:26:36,Failed,Medium Box
D00364,HY9 0NY,0.21,False,2023-07-24 19:31:12,Delivered,Medium Box
D00365,MX6 8RA,0.8,True,2023-01-12 17:43:13,Delivered,Letter
D00366,EK8 9QS,0.97,True,2024-01-20 16:26:04,Failed,Medium Box
D00367,FD5 1DI,0.96,True,2023-01-28 14:01:40,Failed,Small Box
D00368,XN1 5FH,0.84,True,2023-11-17 03:47:19,Failed,Medium Box
D00369,XY7 4NK,0.06,False,2025-02-01 14:01:33,Failed,Letter
D00370,ZG6 5XJ,0.77,True,2023-03-28 01:37:50,Pending,Small Box
D00371,UU7 4MR,0.26,False,2024-04-08 08:16:45,Pending,Large Box
D00372,QV7 6EY,0.55,True,2023-08-11 23:11:33,Pending,Medium Box
D00373,AN3 1DR,0.11,False,2025-03-06 17:03:47,Failed,Medium Box
D00374,UJ3 6DF,0.41,False,2024-05-08 01:44:35,Pending,Letter
D00375,GJ9 6UW,0.37,False,2023-12-18 21:45:42,Failed,Small Box
D00376,YJ7 2UR,0.9,True,2023-05-14 03:24:36,Delivered,Large Box
D00377,YL8 7IL,0.87,True,2024-07-05 14:58:17,Pending,Large Box
D00378,QD9 0CT,0.73,True,2023-11-18 03:30:31,Delivered,Medium Box
D00379,MC7 2TL,0.6,True,2023-02-06 04:34:59,Pending,Small Box
D00380,QJ7 6GM,0.78,True,2024-08-04 20:48:40,Delivered,Large Box
D00381,CI6 8YN,0.07,False,2025-03-19 19:16:53,Failed,Large Box
D00382,SE3 5ZY,0.18,False,2024-02-07 22:45:01,Failed,Large Box
D00383,OC7 1OS,0.12,False,2023-08-22 01:24:02,Failed,Small Box
D00384,FS7 9HI,0.92,True,2024-04-20 08:07:39,Pending,Large Box
D00385,QH5 9XR,0.05,False,2023-04-14 23:51:39,Delivered,Small Box
D00386,LB8 9QB,0.68,True,2023-10-22 02:02:05,Failed,Large Box
D00387,IT7 9DA,0.15,False,2023-04-05 04:02:56,Delivered,Letter
D00388,SK1 1CK,0.52,True,2024-02-18 01:57:34,Delivered,Letter
D00389,AO5 8CZ,0.91,True,2023-07-11 22:10:02,Failed,Medium Box
D00390,AO9 5OW,0.59,True,2023-10-23 03:12:00,Failed,Small Box
D00391,ET2 1MJ,0.35,False,2024-10-24 04:33:47,Pending,Large Box
D00392,SO1 5KE,0.88,True,2023-06-30 06:50:53,Pending,Letter
D00393,GY9 3TU,0.1,False,2024-05-28 04:13:47,Delivered,Letter
D00394,LT3 3AC,0.39,False,2023-05-24 20:26:10,Delivered,Small Box
D00395,EG1 6JT,0.06,False,2025-01-06 13:29:29,Failed,Small Box
D00396,WX5 6QH,0.51,True,2024-07-03 12:06:41,Failed,Small Box
D00397,ES9 6DC,0.07,False,2024-10-17 10:42:36,Pending,Letter
D00398,JE2 0AB,0.51,True,2025-03-28 02:33:27,Delivered,Small Box
D00399,BB7 6ZX,0.31,False,2023-09-17 14:12:25,Failed,Small Box
D00400,TB3 0VV,0.15,False,2024-07-10 15:03:31,Delivered,Small Box
D00401,XQ4 1WJ,0.21,False,2024-08-17 01:54:59,Failed,Small Box
D00402,QN2 7QH,0.52,True,2023-05-28 00:25:47,Delivered,Medium Box
D00403,LC4 7FV,0.12,False,2025-04-16 18:54:00,Failed,Medium Box
D00404,QX6 6PG,0.14,False,2024-09-20 04:27:07,Pending,Small Box
D00405,RN1 2PM,0.29,False,2024-06-25 03:11:38,Failed,Medium Box
D00406,DK7 7YX,0.96,True,2025-05-13 05:12:30,Delivered,Letter
D00407,MN8 2WB,0.58,True,2024-12-30 07:40:19,Pending,Large Box
D00408,PL3 0YK,0.73,True,2024-07-09 22:13:31,Pending,Small Box
D00409,FY1 7EP,0.3,False,2024-09-11 04:42:36,Failed,Letter
D00410,GE9 2KX,0.92,True,2023-11-07 20:23:56,Delivered,Small Box
D00411,AI8 2ND,0.5,True,2024-01-29 02:17:51,Pending,Medium Box
D00412,TL5 3HL,0.61,True,2025-05-28 17:49:51,Failed,Letter
D00413,UL9 3GO,0.85,True,2023-10-19 07:50:23,Pending,Small Box
D00414,CO8 3RF,0.66,True,2023-04-25 02:30:27,Failed,Large Box
D00415,FW9 9EU,0.22,False,2023-08-31 13:06:10,Pending,Small Box
D00416,TH7 2BN,0.12,False,2025-02-21 20:08:45,Pending,Letter
D00417,ZT1 0WQ,0.06,False,2025-01-28 17:42:03,Failed,Small Box
D00418,BO6 6QI,0.87,True,2023-04-15 03:20:08,Delivered,Large Box
D00419,NK8 8QS,0.35,False,2023-06-17 23:58:27,Delivered,Medium Box
D00420,SC4 5QL,0.31,False,2025-05-22 04:59:35,Failed,Letter
D00421,MS5 2YU,0.67,True,2023-01-07 21:57:10,Pending,Letter
D00422,CA2 7GK,0.31,False,2023-01-07 17:16:42,Failed,Large Box
D00423,LZ4 6XA,0.91,True,2023-09-16 08:14:57,Failed,Letter
D00424,YQ9 7BS,0.64,True,2023-01-20 20:38:22,Pending,Letter
D00425,ZN3 9UH,0.27,False,2023-12-11 18:06:46,Failed,Large Box
D00426,QK7 0AY,0.67,True,2023-04-23 03:58:09,Pending,Medium Box
D00427,AG9 8DZ,0.4,False,2024-01-04 08:15:44,Pending,Large Box
D00428,WR3 8TO,0.54,True,2025-02-23 11:30:32,Failed,Letter
D00429,JK9 5JI,0.21,False,2023-03-08 12:54:30,Delivered,Letter
D00430,HB6 6BW,0.89,True,2025-02-08 20:43:04,Failed,Medium Box
D00431,EE9 9GV,0.6,True,2023-01-06 20:53:33,Failed,Small Box
D00432,LN6 2QJ,0.84,True,2024-06-21 04:08:32,Pending,Small Box
D00433,CP2 1PS,0.29,False,2024-10-08 15:25:30,Delivered,Small Box
D00434,GS2 4ZQ,0.69,True,2024-07-29 00:57:35,Pending,Medium Box
D00435,OS6 2PK,0.31,False,2024-07-20 14:47:53,Pending,Small Box
D00436,ZF7 7UE,0.16,False,2024-12-11 23:43:57,Pending,Small Box
D00437,RS4 5OG,0.79,True,2025-01-21 18:51:42,Failed,Medium Box
D00438,RD6 8TB,0.65,True,2023-10-03 19:21:48,Failed,Small Box
D00439,JA3 2HI,0.68,True,2024-05-08 13:40:23,Pending,Medium Box
D00440,TI1 4ML,0.45,False,2024-01-15 14:14:55,Pending,Medium Box
D00441,CN5 5HS,0.41,False,2024-09-21 01:29:09,Failed,Letter
D00442,KB5 0VZ,0.49,False,2024-04-14 07:08:24,Failed,Large Box
D00443,EV5 6HZ,0.81,True,2025-05-21 04:09:42,Pending,Letter
D00444,TT6 7CK,0.86,True,2025-03-28 10:35:17,Delivered,Large Box
D00445,PC1 7EA,0.61,True,2023-07-19 07:50:58,Pending,Medium Box
D00446,ED7 7HX,0.72,True,2023-09-14 03:36:17,Delivered,Small Box
D00447,CY7 7ZG,0.18,False,2023-03-05 22:05:38,Failed,Large Box
D00448,QV8 5DF,0.76,True,2024-07-24 10:27:52,Pending,Letter
D00449,PC1 6VJ,0.91,True,2024-10-10 12:26:30,Pending,Small Box
D00450,IT6 9DB,0.39,False,2023-10-19 03:18:24,Delivered,Letter
D00451,IB6 0QA,0.18,False,2023-07-21 22:10:08,Pending,Large Box
D00452,FS1 9XU,0.51,True,2025-03-02 17:51:06,Pending,Letter
D00453,ZM3 3XZ,0.53,True,2024-02-26 05:53:41,Delivered,Small Box
D00454,VA7 1XQ,0.05,False,2025-01-28 13:10:25,Failed,Small Box
D00455,NJ6 9AJ,0.33,False,2024-12-18 21:44:00,Failed,Small Box
D00456,ZV1 8LB,0.51,True,2023-06-30 18:34:12,Pending,Letter
D00457,AT1 0XG,0.46,False,2025-04-20 20:49:00,Delivered,Letter
D00458,KY9 1LU,0.71,True,2025-02-15 22:06:33,Delivered,Medium Box
D00459,ON2 5FR,0.8,True,2023-04-01 04:10:31,Pending,Small Box
D00460,CZ2 1WL,0.62,True,2025-02-23 14:58:51,Failed,Small Box
D00461,IV5 6KM,0.83,True,2024-02-04 11:50:08,Delivered,Medium Box
D00462,FD6 0GH,0.21,False,2024-10-19 08:26:05,Delivered,Small Box
D00463,XL4 0MT,0.3,False,2024-06-23 17:00:06,Pending,Small Box
D00464,GG8 7DR,0.07,False,2023-12-24 22:08:55,Failed,Medium Box
D00465,ED6 8IK,0.61,True,2023-08-21 00:54:49,Failed,Small Box
D00466,CB8 1GA,0.08,False,2023-01-10 23:59:24,Pending,Large Box
D00467,BK6 2AP,0.8,True,2024-05-12 12:44:34,Failed,Medium Box
D00468,ZH7 7EP,0.17,False,2023-06-12 13:02:06,Pending,Medium Box
D00469,HC1 4PZ,0.1,False,2024-08-17 13:53:23,Delivered,Small Box
D00470,AW8 1NF,0.19,False,2025-03-17 18:59:20,Delivered,Letter
D00471,VZ1 5EU,0.59,True,2023-07-03 05:59:17,Pending,Small Box
D00472,TA7 7DV,0.44,False,2023-02-08 07:32:09,Delivered,Letter
D00473,UR4 6UP,0.47,False,2024-08-04 08:40:49,Pending,Small Box
D00474,LP5 5WB,0.96,True,2023-03-07 00:39:37,Delivered,Letter
D00475,EQ9 3MH,0.18,False,2024-11-27 17:05:54,Pending,Large Box
D00476,RT2 6SG,0.66,True,2024-06-25 01:18:13,Pending,Small Box
D00477,NO2 5IC,0.22,False,2025-01-02 02:34:11,Delivered,Medium Box
D00478,EF7 7TU,0.21,False,2025-04-13 03:25:42,Delivered,Letter
D00479,LN1 8VC,0.52,True,2024-05-12 08:41:52,Failed,Large Box
D00480,QZ2 6FH,0.31,False,2024-09-09 22:17:25,Pending,Small Box
D00481,OB4 2DY,0.72,True,2023-05-16 23:59:59,Delivered,Medium Box
D00482,CH3 3DO,0.54,True,2023-06-01 18:59:00,Delivered,Large Box
D00483,UW1 3ZT,0.81,True,2023-01-04 19:40:31,Delivered,Small Box
D00484,LS4 9TR,0.82,True,2023-02-12 18:25:08,Delivered,Medium Box
D00485,BR8 4RE,0.84,True,2025-04-17 02:09:37,Failed,Medium Box
D00486,TV9 7PD,0.05,False,2023-04-21 01:39:46,Failed,Medium Box
D00487,BY7 6TD,0.62,True,2025-01-28 07:35:35,Failed,Large Box
D00488,IA3 9OC,0.35,False,2025-05-28 15:26:52,Failed,Large Box
D00489,AQ8 5NW,0.78,True,2023-04-02 22:33:28,Delivered,Large Box
D00490,GF4 1QN,0.47,False,2025-03-29 17:00:20,Delivered,Letter
D00491,CW6 8OW,0.21,False,2023-08-04 04:44:00,Delivered,Small Box
D00492,XQ4 7IX,0.74,True,2025-01-17 23:29:35,Failed,Small Box
D00493,FJ4 4TS,0.9,True,2025-05-27 07:57:12,Failed,Small Box
D00494,JW2 9YS,0.35,False,2023-06-04 13:11:01,Delivered,Medium Box
D00495,RU6 3ZD,0.15,False,2023-07-07 13:23:13,Delivered,Small Box
D00496,RV6 1DG,0.08,False,2024-05-12 11:33:16,Pending,Large Box
D00497,OS6 3KD,0.1,False,2023-03-08 10:24:45,Pending,Large Box
D00498,UQ9 5YF,0.88,True,2024-10-29 18:28:40,Pending,Letter
D00499,FH7 5MO,0.47,False,2023-01-22 15:10:55,Delivered,Medium Box
D00500,ZO1 1PA,0.07,False,2023-02-22 03:29:33,Failed,Small Box
